{"options":{"summaryTrendStats":["avg","min","med","max","p(90)","p(95)"],"summaryTimeUnit":"","noColor":false},"state":{"isStdOutTTY":false,"isStdErrTTY":false,"testRunDurationMs":64390.7479},"metrics":{"RequestEndpointPassRate":{"type":"rate","contains":"default","values":{"passes":15,"fails":0,"rate":1}},"http_req_sending":{"type":"trend","contains":"time","values":{"p(95)":0.0317399999999997,"avg":0.011755555555555556,"min":0,"med":0,"max":0.2116,"p(90)":0}},"http_req_waiting":{"type":"trend","contains":"time","values":{"med":722.95335,"max":1046.4392,"p(90)":988.0369900000001,"p(95)":1009.623915,"avg":731.1355333333333,"min":225.6982}},"http_req_duration":{"type":"trend","contains":"time","values":{"p(95)":1486.3005249999999,"avg":1061.5022333333334,"min":226.3823,"med":1035.6006499999999,"max":1560.9488,"p(90)":1419.6256700000001}},"iterations":{"type":"counter","contains":"default","values":{"count":15,"rate":0.23295272207888118}},"http_req_failed":{"type":"rate","contains":"default","values":{"rate":0,"passes":0,"fails":18}},"http_req_connecting":{"type":"trend","contains":"time","values":{"max":5.9725,"p(90)":0,"p(95)":0.8958749999999915,"avg":0.3318055555555556,"min":0,"med":0}},"data_sent":{"type":"counter","contains":"data","values":{"rate":110.94761643543514,"count":7144}},"data_received":{"type":"counter","contains":"data","values":{"count":7968298,"rate":123749.11396238032}},"LoginResponseTime":{"type":"trend","contains":"time","values":{"med":0,"max":0,"p(90)":0,"p(95)":0,"avg":0,"min":0}},"iteration_duration":{"type":"trend","contains":"time","values":{"avg":4292.815373333333,"min":3934.7204,"med":4129.2724,"max":6305.0394,"p(90)":4504.18098,"p(95)":5091.573369999998}},"vus_max":{"type":"gauge","contains":"default","values":{"value":1,"min":1,"max":1}},"http_req_duration{expected_response:true}":{"type":"trend","contains":"time","values":{"avg":1061.5022333333334,"min":226.3823,"med":1035.6006499999999,"max":1560.9488,"p(90)":1419.6256700000001,"p(95)":1486.3005249999999}},"group_duration":{"type":"trend","contains":"time","values":{"p(95)":3013.5193050000003,"avg":2146.30489,"min":923.0518,"med":2281.8218500000003,"max":5288.9238,"p(90)":3011.70214}},"RequestEndpointRequestTimeoutRate":{"type":"rate","contains":"default","values":{"fails":0,"rate":1,"passes":1}},"RequestEndpointResponseTime":{"type":"trend","contains":"time","values":{"p(95)":1445.97212,"avg":1132.7554266666666,"min":922.9177,"med":1049.3627,"max":1560.9488,"p(90)":1365.21748}},"http_req_tls_handshaking":{"type":"trend","contains":"time","values":{"avg":0.5720500000000001,"min":0,"med":0,"max":10.2969,"p(90)":0,"p(95)":1.5445349999999856}},"LoginPassRate":{"type":"rate","contains":"default","values":{"rate":1,"passes":1,"fails":0}},"http_req_receiving":{"type":"trend","contains":"time","values":{"med":324.55854999999997,"max":690.1925,"p(90)":506.3249900000001,"p(95)":642.52433,"avg":330.3549444444444,"min":0.6841}},"LoginRequestTimeoutRate":{"type":"rate","contains":"default","values":{"rate":0,"passes":0,"fails":15}},"http_req_blocked":{"type":"trend","contains":"time","values":{"max":170.4185,"p(90)":0,"p(95)":25.562774999999757,"avg":9.467694444444444,"min":0,"med":0}},"vus":{"values":{"min":1,"max":1,"value":1},"type":"gauge","contains":"default"},"http_reqs":{"type":"counter","contains":"default","values":{"count":18,"rate":0.2795432664946574}}},"TestSummary":{"TestDurationMin":1,"VirtualUsers":1,"testData":{"endpoint":"MyPlanview/MyPlanview.aspx?ptab=HV_DASH&pt=HOMEVIEW&scode=$\\None","isLocalhost":false,"payload":null,"payloadType":null,"token":"","duration":"1","vus":"1","hostname":"https://perftestfr001.pvcloud.com","method":"GET","auth":"Basic","dsn":"pttprod","username":"pvmaster","password":"11dNQXjnHN@?"},"RequestTimeOut":"3m","TotalIterations":null,"StartTime":"2023-09-11T09:22:50.286Z","EndTime":"2023-09-11T09:23:54.677Z"},"root_group":{"checks":[],"name":"","path":"","id":"d41d8cd98f00b204e9800998ecf8427e","groups":[{"name":"Login to https://perftestfr001.pvcloud.com","path":"::Login to https://perftestfr001.pvcloud.com","id":"4fb87d49d130b1b680ba31faa457ca6c","groups":[],"checks":[]},{"path":"::Request Endpoint:","id":"19a9edad988a0d451f3f254b63e3a26e","groups":[],"checks":[],"name":"Request Endpoint:"}]}}