{"options":{"summaryTrendStats":["avg","min","med","max","p(90)","p(95)"],"summaryTimeUnit":"","noColor":false},"state":{"testRunDurationMs":63457.9102,"isStdOutTTY":false,"isStdErrTTY":false},"metrics":{"http_req_sending":{"type":"trend","contains":"time","values":{"p(95)":0.10055999999999965,"avg":0.029576470588235294,"min":0,"med":0,"max":0.5028,"p(90)":0}},"http_req_duration{expected_response:true}":{"contains":"time","values":{"avg":1242.5638764705884,"min":318.3017,"med":1091.6664,"max":2889.458,"p(90)":2018.1770000000001,"p(95)":2463.7366399999996},"type":"trend"},"RequestEndpointPassRate":{"contains":"default","values":{"rate":1,"passes":14,"fails":0},"type":"rate"},"data_sent":{"type":"counter","contains":"data","values":{"count":6901,"rate":108.74924778093308}},"LoginPassRate":{"values":{"rate":1,"passes":1,"fails":0},"type":"rate","contains":"default"},"iterations":{"type":"counter","contains":"default","values":{"count":14,"rate":0.220618673950596}},"vus_max":{"type":"gauge","contains":"default","values":{"value":1,"min":1,"max":1}},"http_reqs":{"type":"counter","contains":"default","values":{"count":17,"rate":0.26789410408286657}},"http_req_connecting":{"contains":"time","values":{"avg":0.8087705882352941,"min":0,"med":0,"max":13.7491,"p(90)":0,"p(95)":2.7498199999999904},"type":"trend"},"group_duration":{"type":"trend","contains":"time","values":{"min":939.0726,"med":2680.8309499999996,"max":7656.7942,"p(90)":3013.8179099999998,"p(95)":3014.97977,"avg":2266.2496714285717}},"http_req_tls_handshaking":{"type":"trend","contains":"time","values":{"p(95)":3.4706799999999878,"avg":1.0207882352941178,"min":0,"med":0,"max":17.3534,"p(90)":0}},"iteration_duration":{"type":"trend","contains":"time","values":{"p(95)":6561.656719999999,"avg":4532.543907142856,"min":3943.8104,"med":4078.9973499999996,"max":8775.8032,"p(90)":5198.6520900000005}},"http_req_duration":{"type":"trend","contains":"time","values":{"max":2889.458,"p(90)":2018.1770000000001,"p(95)":2463.7366399999996,"avg":1242.5638764705884,"min":318.3017,"med":1091.6664}},"LoginResponseTime":{"type":"trend","contains":"time","values":{"min":0,"med":0,"max":0,"p(90)":0,"p(95)":0,"avg":0}},"http_req_blocked":{"type":"trend","contains":"time","values":{"p(90)":0.15904000000000015,"p(95)":37.656919999999865,"avg":11.0054,"min":0,"med":0,"max":186.6942}},"data_received":{"values":{"count":7471303,"rate":117736.35432450783},"type":"counter","contains":"data"},"http_req_receiving":{"type":"trend","contains":"time","values":{"min":0,"med":342.1147,"max":628.8578,"p(90)":433.15324000000004,"p(95)":514.3873199999999,"avg":326.7017705882353}},"RequestEndpointResponseTime":{"type":"trend","contains":"time","values":{"p(95)":1989.916225,"avg":1190.1262642857143,"min":939.0726,"med":1065.40765,"max":2357.3063,"p(90)":1627.1793600000005}},"LoginRequestTimeoutRate":{"type":"rate","contains":"default","values":{"rate":0,"passes":0,"fails":14}},"http_req_waiting":{"type":"trend","contains":"time","values":{"avg":915.8325294117649,"min":318.3017,"med":687.2497,"max":2888.0823,"p(90)":1669.8898800000002,"p(95)":2234.694299999999}},"http_req_failed":{"type":"rate","contains":"default","values":{"rate":0,"passes":0,"fails":17}},"vus":{"contains":"default","values":{"min":1,"max":1,"value":1},"type":"gauge"},"RequestEndpointRequestTimeoutRate":{"contains":"default","values":{"passes":1,"fails":0,"rate":1},"type":"rate"}},"TestSummary":{"StartTime":"2023-09-11T11:13:58.064Z","EndTime":"2023-09-11T11:15:01.522Z","TestDurationMin":1,"VirtualUsers":1,"testData":{"hostname":"https://perftestfr001.pvcloud.com","isLocalhost":false,"payloadAsString":null,"auth":"Basic","password":"11dNQXjnHN@?","method":"GET","token":"","payload":null,"payloadType":null,"dsn":"pttprod","username":"pvmaster","duration":"1","vus":"1","endpoint":"MyPlanview/MyPlanview.aspx?ptab=HV_DASH&pt=HOMEVIEW&scode=$\\None"},"RequestTimeOut":"3m","TotalIterations":null},"root_group":{"path":"","id":"d41d8cd98f00b204e9800998ecf8427e","groups":[{"id":"4fb87d49d130b1b680ba31faa457ca6c","groups":[],"checks":[],"name":"Login to https://perftestfr001.pvcloud.com","path":"::Login to https://perftestfr001.pvcloud.com"},{"name":"Request Endpoint:","path":"::Request Endpoint:","id":"19a9edad988a0d451f3f254b63e3a26e","groups":[],"checks":[]}],"checks":[],"name":""}}