{"metrics":{"vus":{"type":"gauge","contains":"default","values":{"value":1,"min":1,"max":1}},"iterations":{"type":"counter","contains":"default","values":{"count":14,"rate":0.2312117760795005}},"group_duration":{"values":{"min":876.2165,"med":2441.6841,"max":5892.8531,"p(90)":3010.65583,"p(95)":3013.20274,"avg":2162.43105},"type":"trend","contains":"time"},"iteration_duration":{"type":"trend","contains":"time","values":{"avg":4324.976778571429,"min":3881.7955,"med":4043.6845,"max":6827.5426,"p(90)":4750.90789,"p(95)":5569.9365099999995}},"http_req_duration{expected_response:true}":{"contains":"time","values":{"avg":1075.083235294118,"min":404.7696,"med":953.956,"max":1881.9102,"p(90)":1379.6466599999999,"p(95)":1502.0216399999997},"type":"trend"},"http_reqs":{"type":"counter","contains":"default","values":{"count":17,"rate":0.2807571566679649}},"http_req_sending":{"type":"trend","contains":"time","values":{"min":0,"med":0,"max":0.9999,"p(90)":0.3070000000000001,"p(95)":0.6039799999999996,"avg":0.10662941176470588}},"LoginRequestTimeoutRate":{"type":"rate","contains":"default","values":{"passes":0,"fails":14,"rate":0}},"RequestEndpointResponseTime":{"type":"trend","contains":"time","values":{"min":875.5483,"med":981.68595,"max":1881.9102,"p(90)":1378.4993100000002,"p(95)":1573.2507449999998,"avg":1111.165092857143}},"http_req_failed":{"type":"rate","contains":"default","values":{"rate":0,"passes":0,"fails":17}},"LoginPassRate":{"type":"rate","contains":"default","values":{"rate":1,"passes":1,"fails":0}},"LoginResponseTime":{"contains":"time","values":{"p(90)":0,"p(95)":0,"avg":0,"min":0,"med":0,"max":0},"type":"trend"},"RequestEndpointRequestTimeoutRate":{"type":"rate","contains":"default","values":{"rate":1,"passes":1,"fails":0}},"http_req_receiving":{"type":"trend","contains":"time","values":{"avg":247.07464705882353,"min":0,"med":246.0024,"max":587.3927,"p(90)":364.22066000000007,"p(95)":486.5924599999999}},"http_req_blocked":{"values":{"avg":9.829611764705882,"min":0,"med":0,"max":166.2139,"p(90)":0.3558000000000003,"p(95)":33.95437999999988},"type":"trend","contains":"time"},"http_req_connecting":{"type":"trend","contains":"time","values":{"p(95)":1.7322799999999938,"avg":0.5094941176470589,"min":0,"med":0,"max":8.6614,"p(90)":0}},"http_req_duration":{"type":"trend","contains":"time","values":{"avg":1075.083235294118,"min":404.7696,"med":953.956,"max":1881.9102,"p(90)":1379.6466599999999,"p(95)":1502.0216399999997}},"vus_max":{"type":"gauge","contains":"default","values":{"value":1,"min":1,"max":1}},"data_sent":{"type":"counter","contains":"data","values":{"count":6901,"rate":113.97089048033092}},"data_received":{"type":"counter","contains":"data","values":{"count":7470962,"rate":123383.88521731837}},"http_req_waiting":{"type":"trend","contains":"time","values":{"avg":827.9019588235293,"min":404.5946,"med":716.4107,"max":1699.3628,"p(90)":1126.24404,"p(95)":1291.3640799999996}},"http_req_tls_handshaking":{"type":"trend","contains":"time","values":{"max":12.4922,"p(90)":0,"p(95)":2.498439999999991,"avg":0.734835294117647,"min":0,"med":0}},"RequestEndpointPassRate":{"type":"rate","contains":"default","values":{"fails":0,"rate":1,"passes":14}}},"TestSummary":{"VirtualUsers":1,"testData":{"isLocalhost":false,"auth":"Basic","dsn":"pttprod","vus":"1","method":"GET","endpoint":"MyPlanview/MyPlanview.aspx?ptab=HV_DASH&pt=HOMEVIEW&scode=$\\None","payload":null,"payloadType":null,"username":"pvmaster","password":"11dNQXjnHN@?","token":"","duration":"1","hostname":"https://perftestfr001.pvcloud.com"},"RequestTimeOut":"3m","TotalIterations":null,"StartTime":"2023-09-11T09:15:45.542Z","EndTime":"2023-09-11T09:16:46.093Z","TestDurationMin":1},"root_group":{"name":"","path":"","id":"d41d8cd98f00b204e9800998ecf8427e","groups":[{"id":"4fb87d49d130b1b680ba31faa457ca6c","groups":[],"checks":[],"name":"Login to https://perftestfr001.pvcloud.com","path":"::Login to https://perftestfr001.pvcloud.com"},{"groups":[],"checks":[],"name":"Request Endpoint:","path":"::Request Endpoint:","id":"19a9edad988a0d451f3f254b63e3a26e"}],"checks":[]},"options":{"noColor":false,"summaryTrendStats":["avg","min","med","max","p(90)","p(95)"],"summaryTimeUnit":""},"state":{"isStdOutTTY":false,"isStdErrTTY":false,"testRunDurationMs":60550.5491}}